<?xml version="1.0" encoding="utf-8"?>

<store>
	<book isbn="10000001">
		<title>The Lord Of The Rings</title>
		<author>J.R.R. Tolkin</author>
	</book>

	<book>
		<title>Maitreyi</title>
		<author>Mircea Eliade</author>
	</book>

	<cd>
		<title>The Wall</title>
		<artist>Pink Floyd</artist>
		<track length="3:40">Another Brick in the Wall</track>
		<track length="5:33">Mother</track>
	</cd>

	<cd>
		<title>Come on Over</title>
		<artist>Shania Twain</artist>
		<track length="4:40">From This Moment On</track>
		<track length="3:33">You're Still The One</track>
	</cd>
</store>